{
  "cap_minikube": 200,
  "cap_minikube-m02": 200,
  "cap_minikube-m03": 200,
  "cap_minikube-m04": 200,
  "t_user": 2.0224945,
  "t_mongodb-rate": 0.6959345,
  "t_rate": 0.41630249999999996,
  "t_mongodb-geo": 2.5881845,
  "t_consul": 2.5259065,
  "t_recommendation": 1.2228265,
  "t_frontend": 0.7136334999999999,
  "t_mongodb-user": 1.859774,
  "t_hostagent-node2": 25.2275115,
  "t_mongodb-reservation": 3.3609375,
  "t_geo": 1.5305914999999999,
  "t_hostagent-node0": 20.652092,
  "t_hostagent-node1": 15.362147,
  "t_reservation": 0.41142199999999995,
  "t_hostagent-node3": 25.9735945,
  "t_profile": 0.900952,
  "t_mongodb-recommendation": 0.631097,
  "t_mongodb-profile": 0.440219,
  "t_jaeger": 3.8160385,
  "t_search": 0.403371,
  "t_memcached-reserve": 0.257768,
  "t_memcached-profile": 1.680449,
  "t_memcached-rate": 3.5767775000000004,
  "w_mongodb-profile-0": 0.440219,
  "w_mongodb-recommendation-0": 0.631097,
  "w_mongodb-user-0": 1.859774,
  "w_hostagent-node0": 20.652092,
  "w_search-0": 0.403371,
  "w_frontend-0": 0.7136334999999999,
  "w_geo-0": 1.5305914999999999,
  "w_hostagent-node1": 15.362147,
  "w_mongodb-rate-0": 0.6959345,
  "w_profile-0": 0.900952,
  "w_reservation-0": 0.41142199999999995,
  "w_hostagent-node2": 25.2275115,
  "w_jaeger-0": 3.8160385,
  "w_memcached-profile-0": 1.680449,
  "w_mongodb-geo-0": 2.5881845,
  "w_profile-1": 0,
  "w_rate-0": 0.41630249999999996,
  "w_recommendation-0": 1.2228265,
  "w_user-0": 2.0224945,
  "w_hostagent-node3": 25.9735945,
  "w_memcached-rate-0": 3.5767775000000004,
  "w_memcached-reserve-0": 0.257768,
  "w_mongodb-reservation-0": 3.3609375,
  "w_consul-0": 2.5259065,
  "w_frontend-1": 0,
  "sp_minikube": 176.41681799999998,
  "sp_minikube-m02": 179.98194850000004,
  "sp_minikube-m03": 163.026193,
  "sp_minikube-m04": 164.30501600000002,
  "log_sp_minikube": 0,
  "log_sp_minikube-m02": 0,
  "log_sp_minikube-m03": 0,
  "log_sp_minikube-m04": 0,
  "share_user": 2.0224945,
  "share_mongodb-rate": 0.6959345,
  "share_rate": 0.41630249999999996,
  "share_mongodb-geo": 2.5881845,
  "share_consul": 2.5259065,
  "share_recommendation": 1.2228265,
  "share_frontend": 0.7136334999999999,
  "share_mongodb-user": 1.859774,
  "share_hostagent-node2": 25.2275115,
  "share_mongodb-reservation": 3.3609375,
  "share_geo": 1.5305914999999999,
  "share_hostagent-node0": 20.652092,
  "share_hostagent-node1": 15.362147,
  "share_reservation": 0.41142199999999995,
  "share_hostagent-node3": 25.9735945,
  "share_profile": 0.900952,
  "share_mongodb-recommendation": 0.631097,
  "share_mongodb-profile": 0.440219,
  "share_jaeger": 3.8160385,
  "share_search": 0.403371,
  "share_memcached-reserve": 0.257768,
  "share_memcached-profile": 1.680449,
  "share_memcached-rate": 3.5767775000000004,
  "fshare_user": 250,
  "fshare_mongodb-rate": 285.7142857142857,
  "fshare_rate": 250,
  "fshare_mongodb-geo": 250,
  "fshare_consul": 333.3333333333333,
  "fshare_recommendation": 250,
  "fshare_frontend": 619.047619047619,
  "fshare_mongodb-user": 500,
  "fshare_hostagent-node2": 250,
  "fshare_mongodb-reservation": 333.3333333333333,
  "fshare_geo": 285.7142857142857,
  "fshare_hostagent-node0": 500,
  "fshare_hostagent-node1": 285.7142857142857,
  "fshare_reservation": 285.7142857142857,
  "fshare_hostagent-node3": 333.3333333333333,
  "fshare_profile": 535.7142857142858,
  "fshare_mongodb-recommendation": 500,
  "fshare_mongodb-profile": 500,
  "fshare_jaeger": 250,
  "fshare_search": 285.7142857142857,
  "fshare_memcached-reserve": 333.3333333333333,
  "fshare_memcached-profile": 250,
  "fshare_memcached-rate": 333.3333333333333,
  "smallest_sp_cap": 179.98194850000004
}